﻿{"version":"1.1.0","events":[{"name":"User Action","component":"Report Canvas","start":"2023-08-13T06:56:36.196Z","id":"22e89874542a067c2826","metrics":{"sourceLabel":"UserAction_CrossHighlight"}},{"name":"Visual Container Lifecycle","component":"Report Canvas","start":"2023-08-13T06:56:36.212Z","end":"2023-08-13T06:56:36.328Z","id":"45b504acab7c7cec2394-e0593af40563dc324eb6","metrics":{"status":1,"visualTitle":"Image","visualId":"45b504acab7c7cec2394","visualType":"image","initialLoad":false}},{"name":"Query","component":"Report Canvas","start":"2023-08-13T06:56:36.212Z","end":"2023-08-13T06:56:36.270Z","id":"fac553578e5e1b5a0117","parentId":"45b504acab7c7cec2394-e0593af40563dc324eb6"},{"name":"Visual Container Resource Load","component":"Report Canvas","start":"2023-08-13T06:56:36.212Z","end":"2023-08-13T06:56:36.269Z","id":"abdaed522cec3d0573b4","parentId":"45b504acab7c7cec2394-e0593af40563dc324eb6"},{"name":"Render","component":"Report Canvas","start":"2023-08-13T06:56:36.270Z","end":"2023-08-13T06:56:36.328Z","id":"50f9c7d539db0b0c64bb","parentId":"45b504acab7c7cec2394-e0593af40563dc324eb6"},{"name":"Data View Transform","component":"Report Canvas","start":"2023-08-13T06:56:36.278Z","end":"2023-08-13T06:56:36.278Z","id":"21e3c559398b9d46471d","parentId":"50f9c7d539db0b0c64bb"},{"name":"Visual Update Async","component":"Report Canvas","start":"2023-08-13T06:56:36.278Z","end":"2023-08-13T06:56:36.327Z","id":"c80044117ca750a50a3a","parentId":"50f9c7d539db0b0c64bb"},{"name":"Visual Update","component":"Report Canvas","start":"2023-08-13T06:56:36.278Z","end":"2023-08-13T06:56:36.278Z","id":"158adec26d050a532aaa","parentId":"50f9c7d539db0b0c64bb"},{"name":"Visual Container Lifecycle","component":"Report Canvas","start":"2023-08-13T06:56:36.213Z","end":"2023-08-13T06:56:36.279Z","id":"febf6b6d9209be77988b-321ad118b01419cd2d3b","metrics":{"status":1,"visualTitle":"Text box","visualId":"febf6b6d9209be77988b","visualType":"textbox","initialLoad":false}},{"name":"Query","component":"Report Canvas","start":"2023-08-13T06:56:36.214Z","end":"2023-08-13T06:56:36.266Z","id":"4af048ca02b408a46321","parentId":"febf6b6d9209be77988b-321ad118b01419cd2d3b"},{"name":"Render","component":"Report Canvas","start":"2023-08-13T06:56:36.265Z","end":"2023-08-13T06:56:36.279Z","id":"59ddd3009c9abb1b30e0","parentId":"febf6b6d9209be77988b-321ad118b01419cd2d3b"},{"name":"Data View Transform","component":"Report Canvas","start":"2023-08-13T06:56:36.278Z","end":"2023-08-13T06:56:36.279Z","id":"a71d881fcb2edd92b635","parentId":"59ddd3009c9abb1b30e0"},{"name":"Visual Container Lifecycle","component":"Report Canvas","start":"2023-08-13T06:56:36.215Z","end":"2023-08-13T06:56:36.429Z","id":"6511716d174d9e437c64-e2ecc58c252746d6ecc3","metrics":{"status":1,"visualTitle":"Count of name by Alive or Dead","visualId":"6511716d174d9e437c64","visualType":"pieChart","initialLoad":false}},{"name":"Resolve Parameters","component":"Report Canvas","start":"2023-08-13T06:56:36.216Z","end":"2023-08-13T06:56:36.329Z","id":"b04fce2da27edcead09d","parentId":"6511716d174d9e437c64-e2ecc58c252746d6ecc3"},{"name":"Query","component":"Report Canvas","start":"2023-08-13T06:56:36.329Z","end":"2023-08-13T06:56:36.381Z","id":"f8ddd76b078be681c050","parentId":"6511716d174d9e437c64-e2ecc58c252746d6ecc3"},{"name":"Render","component":"Report Canvas","start":"2023-08-13T06:56:36.381Z","end":"2023-08-13T06:56:36.429Z","id":"ac7a3619d7421594807a","parentId":"6511716d174d9e437c64-e2ecc58c252746d6ecc3"},{"name":"Data View Transform","component":"Report Canvas","start":"2023-08-13T06:56:36.393Z","end":"2023-08-13T06:56:36.393Z","id":"b8a1636f019ae700c060","parentId":"ac7a3619d7421594807a"},{"name":"Visual Update Async","component":"Report Canvas","start":"2023-08-13T06:56:36.394Z","end":"2023-08-13T06:56:36.429Z","id":"77bc90bd009c388ba6d7","parentId":"ac7a3619d7421594807a"},{"name":"Visual Update","component":"Report Canvas","start":"2023-08-13T06:56:36.394Z","end":"2023-08-13T06:56:36.394Z","id":"e9cead0b00a0e906d0d5","parentId":"ac7a3619d7421594807a"},{"name":"Query Generation","component":"Report Canvas","start":"2023-08-13T06:56:36.330Z","end":"2023-08-13T06:56:36.331Z","id":"335ba660015eea8a0be9","parentId":"f8ddd76b078be681c050"},{"name":"Parse Query Result","component":"Report Canvas","start":"2023-08-13T06:56:36.377Z","end":"2023-08-13T06:56:36.378Z","id":"49a14c70e10bd9ed6dbc","parentId":"f8ddd76b078be681c050"},{"name":"Visual Container Lifecycle","component":"Report Canvas","start":"2023-08-13T06:56:36.217Z","end":"2023-08-13T06:56:36.395Z","id":"864b721700608a0b359b-e2691c9430e7a982240a","metrics":{"status":1,"visualTitle":"Total Passengers","visualId":"864b721700608a0b359b","visualType":"card","initialLoad":false}},{"name":"Resolve Parameters","component":"Report Canvas","start":"2023-08-13T06:56:36.218Z","end":"2023-08-13T06:56:36.329Z","id":"d7cffd3a4a5635d6ea27","parentId":"864b721700608a0b359b-e2691c9430e7a982240a"},{"name":"Query","component":"Report Canvas","start":"2023-08-13T06:56:36.329Z","end":"2023-08-13T06:56:36.382Z","id":"db687d104d8ab5113bbb","parentId":"864b721700608a0b359b-e2691c9430e7a982240a"},{"name":"Render","component":"Report Canvas","start":"2023-08-13T06:56:36.382Z","end":"2023-08-13T06:56:36.395Z","id":"43d2ed9448c04a506c68","parentId":"864b721700608a0b359b-e2691c9430e7a982240a"},{"name":"Data View Transform","component":"Report Canvas","start":"2023-08-13T06:56:36.394Z","end":"2023-08-13T06:56:36.394Z","id":"621209198250e4e920b1","parentId":"43d2ed9448c04a506c68"},{"name":"Query Generation","component":"Report Canvas","start":"2023-08-13T06:56:36.332Z","end":"2023-08-13T06:56:36.332Z","id":"11f63177da557b294709","parentId":"db687d104d8ab5113bbb"},{"name":"Parse Query Result","component":"Report Canvas","start":"2023-08-13T06:56:36.378Z","end":"2023-08-13T06:56:36.378Z","id":"9e9ac55dcde23a278928","parentId":"db687d104d8ab5113bbb"},{"name":"Visual Container Lifecycle","component":"Report Canvas","start":"2023-08-13T06:56:36.219Z","end":"2023-08-13T06:56:36.397Z","id":"c271a147732c2050236a-5e805d89c02e70d43d20","metrics":{"status":1,"visualTitle":"Total Fare Price","visualId":"c271a147732c2050236a","visualType":"card","initialLoad":false}},{"name":"Resolve Parameters","component":"Report Canvas","start":"2023-08-13T06:56:36.219Z","end":"2023-08-13T06:56:36.329Z","id":"8abea622d6ed84cb876b","parentId":"c271a147732c2050236a-5e805d89c02e70d43d20"},{"name":"Query","component":"Report Canvas","start":"2023-08-13T06:56:36.329Z","end":"2023-08-13T06:56:36.383Z","id":"16802937230ee1cca028","parentId":"c271a147732c2050236a-5e805d89c02e70d43d20"},{"name":"Render","component":"Report Canvas","start":"2023-08-13T06:56:36.382Z","end":"2023-08-13T06:56:36.397Z","id":"efafa7956057e0b3d826","parentId":"c271a147732c2050236a-5e805d89c02e70d43d20"},{"name":"Data View Transform","component":"Report Canvas","start":"2023-08-13T06:56:36.396Z","end":"2023-08-13T06:56:36.396Z","id":"b5cd3bb97ea5ca1e8031","parentId":"efafa7956057e0b3d826"},{"name":"Query Generation","component":"Report Canvas","start":"2023-08-13T06:56:36.332Z","end":"2023-08-13T06:56:36.333Z","id":"510276a754a0ea0633ed","parentId":"16802937230ee1cca028"},{"name":"Parse Query Result","component":"Report Canvas","start":"2023-08-13T06:56:36.378Z","end":"2023-08-13T06:56:36.378Z","id":"889a46248d7ad9626060","parentId":"16802937230ee1cca028"},{"name":"Visual Container Lifecycle","component":"Report Canvas","start":"2023-08-13T06:56:36.221Z","end":"2023-08-13T06:56:36.398Z","id":"a19181c227b004bc66ac-589ad163b8dd0d2cd4d3","metrics":{"status":1,"visualTitle":"Total Alive","visualId":"a19181c227b004bc66ac","visualType":"card","initialLoad":false}},{"name":"Resolve Parameters","component":"Report Canvas","start":"2023-08-13T06:56:36.222Z","end":"2023-08-13T06:56:36.330Z","id":"cf07e2100657a45a18b8","parentId":"a19181c227b004bc66ac-589ad163b8dd0d2cd4d3"},{"name":"Query","component":"Report Canvas","start":"2023-08-13T06:56:36.329Z","end":"2023-08-13T06:56:36.384Z","id":"0dff235d0913853cd5e6","parentId":"a19181c227b004bc66ac-589ad163b8dd0d2cd4d3"},{"name":"Render","component":"Report Canvas","start":"2023-08-13T06:56:36.383Z","end":"2023-08-13T06:56:36.398Z","id":"3074268031ce0aeb4a84","parentId":"a19181c227b004bc66ac-589ad163b8dd0d2cd4d3"},{"name":"Data View Transform","component":"Report Canvas","start":"2023-08-13T06:56:36.397Z","end":"2023-08-13T06:56:36.397Z","id":"2bdf5cc690c09c09d400","parentId":"3074268031ce0aeb4a84"},{"name":"Query Generation","component":"Report Canvas","start":"2023-08-13T06:56:36.333Z","end":"2023-08-13T06:56:36.333Z","id":"e5624872017766094a39","parentId":"0dff235d0913853cd5e6"},{"name":"Parse Query Result","component":"Report Canvas","start":"2023-08-13T06:56:36.378Z","end":"2023-08-13T06:56:36.378Z","id":"86811c3230c20ba50b0e","parentId":"0dff235d0913853cd5e6"},{"name":"Visual Container Lifecycle","component":"Report Canvas","start":"2023-08-13T06:56:36.223Z","end":"2023-08-13T06:56:36.399Z","id":"e623401f610130862a43-fa89615c298c5238365b","metrics":{"status":1,"visualTitle":"Total Dead","visualId":"e623401f610130862a43","visualType":"card","initialLoad":false}},{"name":"Resolve Parameters","component":"Report Canvas","start":"2023-08-13T06:56:36.230Z","end":"2023-08-13T06:56:36.330Z","id":"b3636a13d05663807770","parentId":"e623401f610130862a43-fa89615c298c5238365b"},{"name":"Query","component":"Report Canvas","start":"2023-08-13T06:56:36.330Z","end":"2023-08-13T06:56:36.385Z","id":"a3ec57980058588002e9","parentId":"e623401f610130862a43-fa89615c298c5238365b"},{"name":"Render","component":"Report Canvas","start":"2023-08-13T06:56:36.385Z","end":"2023-08-13T06:56:36.399Z","id":"3b0aaa16c3a5050c2bb9","parentId":"e623401f610130862a43-fa89615c298c5238365b"},{"name":"Data View Transform","component":"Report Canvas","start":"2023-08-13T06:56:36.398Z","end":"2023-08-13T06:56:36.399Z","id":"df8cda2b870332b17887","parentId":"3b0aaa16c3a5050c2bb9"},{"name":"Query Generation","component":"Report Canvas","start":"2023-08-13T06:56:36.333Z","end":"2023-08-13T06:56:36.334Z","id":"8903191bc56c32859e22","parentId":"a3ec57980058588002e9"},{"name":"Parse Query Result","component":"Report Canvas","start":"2023-08-13T06:56:36.379Z","end":"2023-08-13T06:56:36.379Z","id":"36c6b6750b4a2500e165","parentId":"a3ec57980058588002e9"},{"name":"Visual Container Lifecycle","component":"Report Canvas","start":"2023-08-13T06:56:36.231Z","end":"2023-08-13T06:56:36.430Z","id":"f455b22d13c50ad2b0b1-4dee693883144c5ae084","metrics":{"status":1,"visualTitle":"Count of Age Types by Age Types and sex","visualId":"f455b22d13c50ad2b0b1","visualType":"columnChart","initialLoad":false}},{"name":"Resolve Parameters","component":"Report Canvas","start":"2023-08-13T06:56:36.232Z","end":"2023-08-13T06:56:36.330Z","id":"d286d795e648190b320d","parentId":"f455b22d13c50ad2b0b1-4dee693883144c5ae084"},{"name":"Query","component":"Report Canvas","start":"2023-08-13T06:56:36.330Z","end":"2023-08-13T06:56:36.386Z","id":"539fc396cc7bbd0e820b","parentId":"f455b22d13c50ad2b0b1-4dee693883144c5ae084"},{"name":"Render","component":"Report Canvas","start":"2023-08-13T06:56:36.386Z","end":"2023-08-13T06:56:36.430Z","id":"ed3a26d48632c931ece0","parentId":"f455b22d13c50ad2b0b1-4dee693883144c5ae084"},{"name":"Data View Transform","component":"Report Canvas","start":"2023-08-13T06:56:36.400Z","end":"2023-08-13T06:56:36.401Z","id":"e44a469b350420006383","parentId":"ed3a26d48632c931ece0"},{"name":"Visual Update Async","component":"Report Canvas","start":"2023-08-13T06:56:36.401Z","end":"2023-08-13T06:56:36.430Z","id":"2a9d2cd9405de0634604","parentId":"ed3a26d48632c931ece0"},{"name":"Visual Update","component":"Report Canvas","start":"2023-08-13T06:56:36.401Z","end":"2023-08-13T06:56:36.401Z","id":"cf548e775bd03259b12a","parentId":"ed3a26d48632c931ece0"},{"name":"Query Generation","component":"Report Canvas","start":"2023-08-13T06:56:36.334Z","end":"2023-08-13T06:56:36.335Z","id":"7677ef1cbb1ce5015ba1","parentId":"539fc396cc7bbd0e820b"},{"name":"Parse Query Result","component":"Report Canvas","start":"2023-08-13T06:56:36.379Z","end":"2023-08-13T06:56:36.379Z","id":"43f4afaba15ea0111a34","parentId":"539fc396cc7bbd0e820b"},{"name":"Visual Container Lifecycle","component":"Report Canvas","start":"2023-08-13T06:56:36.233Z","end":"2023-08-13T06:56:36.290Z","id":"c00f3c2772107a8db2a6-506800024709b5883182","metrics":{"status":1,"visualTitle":"Text box","visualId":"c00f3c2772107a8db2a6","visualType":"textbox","initialLoad":false}},{"name":"Query","component":"Report Canvas","start":"2023-08-13T06:56:36.234Z","end":"2023-08-13T06:56:36.268Z","id":"058b5d7362c330b57c94","parentId":"c00f3c2772107a8db2a6-506800024709b5883182"},{"name":"Render","component":"Report Canvas","start":"2023-08-13T06:56:36.268Z","end":"2023-08-13T06:56:36.290Z","id":"95e6a0df5b7587209308","parentId":"c00f3c2772107a8db2a6-506800024709b5883182"},{"name":"Data View Transform","component":"Report Canvas","start":"2023-08-13T06:56:36.289Z","end":"2023-08-13T06:56:36.289Z","id":"69b0839b5cd0e5d97366","parentId":"95e6a0df5b7587209308"},{"name":"Visual Container Lifecycle","component":"Report Canvas","start":"2023-08-13T06:56:36.235Z","end":"2023-08-13T06:56:36.429Z","id":"a1232ebb412d7d8b6cdd-737a783c349aa485589e","metrics":{"status":1,"visualTitle":"Passenger by class","visualId":"a1232ebb412d7d8b6cdd","visualType":"funnel","initialLoad":false}},{"name":"Resolve Parameters","component":"Report Canvas","start":"2023-08-13T06:56:36.236Z","end":"2023-08-13T06:56:36.330Z","id":"8f1dc2bb850b3a830b3a","parentId":"a1232ebb412d7d8b6cdd-737a783c349aa485589e"},{"name":"Query","component":"Report Canvas","start":"2023-08-13T06:56:36.330Z","end":"2023-08-13T06:56:36.387Z","id":"e6df975dab0a4088eecc","parentId":"a1232ebb412d7d8b6cdd-737a783c349aa485589e"},{"name":"Render","component":"Report Canvas","start":"2023-08-13T06:56:36.387Z","end":"2023-08-13T06:56:36.429Z","id":"5a15133a099840016834","parentId":"a1232ebb412d7d8b6cdd-737a783c349aa485589e"},{"name":"Data View Transform","component":"Report Canvas","start":"2023-08-13T06:56:36.401Z","end":"2023-08-13T06:56:36.402Z","id":"6c4c6b0f9aacd3b493d3","parentId":"5a15133a099840016834"},{"name":"Visual Update Async","component":"Report Canvas","start":"2023-08-13T06:56:36.402Z","end":"2023-08-13T06:56:36.429Z","id":"a319d48a1d108626e000","parentId":"5a15133a099840016834"},{"name":"Visual Update","component":"Report Canvas","start":"2023-08-13T06:56:36.402Z","end":"2023-08-13T06:56:36.402Z","id":"03a01f868a4e6d20a1d5","parentId":"5a15133a099840016834"},{"name":"Query Generation","component":"Report Canvas","start":"2023-08-13T06:56:36.335Z","end":"2023-08-13T06:56:36.336Z","id":"35f689ffa66a375e36c5","parentId":"e6df975dab0a4088eecc"},{"name":"Parse Query Result","component":"Report Canvas","start":"2023-08-13T06:56:36.379Z","end":"2023-08-13T06:56:36.380Z","id":"6c17ba0c886e210241eb","parentId":"e6df975dab0a4088eecc"}],"sessionId":"4d4f65db-16cc-4a95-a4a0-c5c0b5609b03"}